mode,phi_rad
1,-2.85846062
2,0.71233341
3,-1.68963331
4,2.89161883
5,-2.53944124
6,2.42653292
7,2.82941727
8,-2.71371829
9,2.21653168
